{"acc": 0.800053609427877, "loss": 0.1820301109999115, "_timestamp": 1725030381.3123884, "_runtime": 10.410374402999878, "_step": 7, "_wandb": {"runtime": 10}}